link:/cbb/players/hakeem-olajuwon-1.html,akeem olajuwon,,1
link:/cbb/awards/,Awards,,1
link:/cbb/schools/brigham-young/,BYU,,1
link:/cbb/coaches/,Coaches,,1
link:/cbb/schools/,colleges,,1
link:/cbb/conferences/,Conferences,,1
link:/cbb/players/bill-walker-1.html,henry walker,,1
link:/cbb/players/isaiah-rider-1.html,j.r. rider,,1
link:/cbb/players/jr-henderson-1.html,j.r. sakuragi,,1
link:/cbb/players/jeff-pendergraph-1.html,jeff ayres,,1
link:/cbb/players/isaiah-rider-1.html,jr rider,,1
link:/cbb/players/jamaal-wilkes-1.html,keith wilkes,,1
link:/cbb/leaders/,Leaders,,1
link:/cbb/players/kareem-abdul-jabbar-1.html,lew alcindor,,1
link:/cbb/schools/louisiana-state/,LSU,,1
link:/cbb/players/ron-artest-1.html,metta world peace,,1
link:/cbb/schools/north-carolina-state/,NC State,,1
link:/cbb/postseason/,NCAA Tournament,,1
link:/cbb/schools/mississippi/,Ole Miss,,1
link:/cbb/players/tariq-abdul-wahad-1.html,olivier saint-jean,,1
link:/cbb/play-index/,Play Index,,1
link:/cbb/players/,Players,,1
link:/cbb/leaders/,Records,,1
link:/cbb/schools/,Schools,,1
link:/cbb/boxscores/,Scores,,1
link:/cbb/seasons/,Seasons,,1
link:/cbb/players/god-shammgod-1.html,shammgod wells,,1
link:/cbb/schools/texas-christian/,TCU,,1
link:/cbb/schools/central-florida/,UCF,,1
link:/cbb/schools/connecticut/,UConn,,1
link:/cbb/schools/massachusetts/,UMass,,1
link:/cbb/schools/nevada-las-vegas/,UNLV,,1
link:/cbb/schools/southern-california/,USC,,1
link:/cbb/schools/texas-el-paso/,UTEP,,1
link:/cbb/schools/virginia-commonwealth/,VCU,,1
link:/cbb/players/warren-armstrong-1.html,warren jabali,,1
link:/cbb/players/don-smith-11,zaid abdul aziz,,1
